repetition,batch_index,input_start,input_end,cumulative_input_count,batch_comparable_count,cumulative_comparable_count,algorithm,batch_runtime_ms
1,1,1,200,200,195,195,NTable_Fresh,11.985504
1,1,1,200,200,195,195,NTable_SharedReuse,8.892658
1,1,1,200,200,195,195,Pratt,6.661759
1,2,201,400,400,196,391,NTable_SharedReuse,5.846231
1,2,201,400,400,196,391,Pratt,5.796947
1,2,201,400,400,196,391,NTable_Fresh,9.93674
1,3,401,600,600,197,588,Pratt,6.266924
1,3,401,600,600,197,588,NTable_Fresh,10.184482
1,3,401,600,600,197,588,NTable_SharedReuse,5.377966
1,4,601,800,800,195,783,NTable_Fresh,10.719939
1,4,601,800,800,195,783,NTable_SharedReuse,5.315542
1,4,601,800,800,195,783,Pratt,5.89838
1,5,801,1000,1000,195,978,NTable_SharedReuse,5.9786
1,5,801,1000,1000,195,978,Pratt,6.88779
1,5,801,1000,1000,195,978,NTable_Fresh,11.989039
1,6,1001,1200,1200,193,1171,Pratt,6.213103
1,6,1001,1200,1200,193,1171,NTable_Fresh,10.695972
1,6,1001,1200,1200,193,1171,NTable_SharedReuse,5.660542
1,7,1201,1400,1400,195,1366,NTable_Fresh,10.020205
1,7,1201,1400,1400,195,1366,NTable_SharedReuse,5.182462
1,7,1201,1400,1400,195,1366,Pratt,5.779861
1,8,1401,1600,1600,198,1564,NTable_SharedReuse,5.349293
1,8,1401,1600,1600,198,1564,Pratt,6.108816
1,8,1401,1600,1600,198,1564,NTable_Fresh,10.452446
1,9,1601,1800,1800,195,1759,Pratt,5.445498
1,9,1601,1800,1800,195,1759,NTable_Fresh,8.957395
1,9,1601,1800,1800,195,1759,NTable_SharedReuse,4.870002
1,10,1801,2000,2000,198,1957,NTable_Fresh,11.344429
1,10,1801,2000,2000,198,1957,NTable_SharedReuse,5.715975
1,10,1801,2000,2000,198,1957,Pratt,6.360856
1,11,2001,2200,2200,193,2150,NTable_SharedReuse,5.40689
1,11,2001,2200,2200,193,2150,Pratt,6.013602
1,11,2001,2200,2200,193,2150,NTable_Fresh,10.468891
1,12,2201,2400,2400,195,2345,Pratt,6.478514
1,12,2201,2400,2400,195,2345,NTable_Fresh,10.96664
1,12,2201,2400,2400,195,2345,NTable_SharedReuse,5.703527
1,13,2401,2600,2600,195,2540,NTable_Fresh,8.979017
1,13,2401,2600,2600,195,2540,NTable_SharedReuse,4.755189
1,13,2401,2600,2600,195,2540,Pratt,5.238646
1,14,2601,2800,2800,193,2733,NTable_SharedReuse,4.78259
1,14,2601,2800,2800,193,2733,Pratt,5.260679
1,14,2601,2800,2800,193,2733,NTable_Fresh,9.780354
1,15,2801,3000,3000,197,2930,Pratt,5.487832
1,15,2801,3000,3000,197,2930,NTable_Fresh,9.195884
1,15,2801,3000,3000,197,2930,NTable_SharedReuse,4.92925
2,1,1,200,200,195,195,NTable_SharedReuse,9.042102
2,1,1,200,200,195,195,Pratt,6.870283
2,1,1,200,200,195,195,NTable_Fresh,11.649838
2,2,201,400,400,196,391,Pratt,5.97861
2,2,201,400,400,196,391,NTable_Fresh,10.311554
2,2,201,400,400,196,391,NTable_SharedReuse,5.822195
2,3,401,600,600,197,588,NTable_Fresh,10.073906
2,3,401,600,600,197,588,NTable_SharedReuse,5.361241
2,3,401,600,600,197,588,Pratt,5.815064
2,4,601,800,800,195,783,NTable_SharedReuse,5.616866
2,4,601,800,800,195,783,Pratt,6.176949
2,4,601,800,800,195,783,NTable_Fresh,10.452586
2,5,801,1000,1000,195,978,Pratt,6.884023
2,5,801,1000,1000,195,978,NTable_Fresh,11.735537
2,5,801,1000,1000,195,978,NTable_SharedReuse,6.083739
2,6,1001,1200,1200,193,1171,NTable_Fresh,10.667599
2,6,1001,1200,1200,193,1171,NTable_SharedReuse,5.81266
2,6,1001,1200,1200,193,1171,Pratt,6.357982
2,7,1201,1400,1400,195,1366,NTable_SharedReuse,5.305046
2,7,1201,1400,1400,195,1366,Pratt,5.830778
2,7,1201,1400,1400,195,1366,NTable_Fresh,10.05683
2,8,1401,1600,1600,198,1564,Pratt,6.218562
2,8,1401,1600,1600,198,1564,NTable_Fresh,10.684555
2,8,1401,1600,1600,198,1564,NTable_SharedReuse,5.574302
2,9,1601,1800,1800,195,1759,NTable_Fresh,9.141732
2,9,1601,1800,1800,195,1759,NTable_SharedReuse,4.927648
2,9,1601,1800,1800,195,1759,Pratt,5.426089
2,10,1801,2000,2000,198,1957,NTable_SharedReuse,5.811959
2,10,1801,2000,2000,198,1957,Pratt,6.467567
2,10,1801,2000,2000,198,1957,NTable_Fresh,11.65112
2,11,2001,2200,2200,193,2150,Pratt,6.187185
2,11,2001,2200,2200,193,2150,NTable_Fresh,10.678436
2,11,2001,2200,2200,193,2150,NTable_SharedReuse,5.550436
2,12,2201,2400,2400,195,2345,NTable_Fresh,10.994292
2,12,2201,2400,2400,195,2345,NTable_SharedReuse,5.824559
2,12,2201,2400,2400,195,2345,Pratt,6.459575
2,13,2401,2600,2600,195,2540,NTable_SharedReuse,5.071725
2,13,2401,2600,2600,195,2540,Pratt,5.408512
2,13,2401,2600,2600,195,2540,NTable_Fresh,9.244708
2,14,2601,2800,2800,193,2733,Pratt,5.394011
2,14,2601,2800,2800,193,2733,NTable_Fresh,8.902983
2,14,2601,2800,2800,193,2733,NTable_SharedReuse,4.805815
2,15,2801,3000,3000,197,2930,NTable_Fresh,9.224918
2,15,2801,3000,3000,197,2930,NTable_SharedReuse,4.971715
2,15,2801,3000,3000,197,2930,Pratt,5.63307
3,1,1,200,200,195,195,Pratt,6.8887
3,1,1,200,200,195,195,NTable_Fresh,11.981187
3,1,1,200,200,195,195,NTable_SharedReuse,9.016594
3,2,201,400,400,196,391,NTable_Fresh,10.082999
3,2,201,400,400,196,391,NTable_SharedReuse,5.850418
3,2,201,400,400,196,391,Pratt,7.684568
3,3,401,600,600,197,588,NTable_SharedReuse,5.654533
3,3,401,600,600,197,588,Pratt,5.863608
3,3,401,600,600,197,588,NTable_Fresh,10.566708
3,4,601,800,800,195,783,Pratt,6.092211
3,4,601,800,800,195,783,NTable_Fresh,10.462421
3,4,601,800,800,195,783,NTable_SharedReuse,5.532249
3,5,801,1000,1000,195,978,NTable_Fresh,12.036531
3,5,801,1000,1000,195,978,NTable_SharedReuse,6.002997
3,5,801,1000,1000,195,978,Pratt,6.757122
3,6,1001,1200,1200,193,1171,NTable_SharedReuse,5.505428
3,6,1001,1200,1200,193,1171,Pratt,6.088556
3,6,1001,1200,1200,193,1171,NTable_Fresh,10.950024
3,7,1201,1400,1400,195,1366,Pratt,6.155367
3,7,1201,1400,1400,195,1366,NTable_Fresh,10.050701
3,7,1201,1400,1400,195,1366,NTable_SharedReuse,5.216333
3,8,1401,1600,1600,198,1564,NTable_Fresh,10.300577
3,8,1401,1600,1600,198,1564,NTable_SharedReuse,5.42017
3,8,1401,1600,1600,198,1564,Pratt,6.001836
3,9,1601,1800,1800,195,1759,NTable_SharedReuse,4.850672
3,9,1601,1800,1800,195,1759,Pratt,5.279919
3,9,1601,1800,1800,195,1759,NTable_Fresh,8.942252
3,10,1801,2000,2000,198,1957,Pratt,6.687608
3,10,1801,2000,2000,198,1957,NTable_Fresh,11.104988
3,10,1801,2000,2000,198,1957,NTable_SharedReuse,7.156513
3,11,2001,2200,2200,193,2150,NTable_Fresh,11.363847
3,11,2001,2200,2200,193,2150,NTable_SharedReuse,5.743336
3,11,2001,2200,2200,193,2150,Pratt,6.274616
3,12,2201,2400,2400,195,2345,NTable_SharedReuse,6.215117
3,12,2201,2400,2400,195,2345,Pratt,6.713847
3,12,2201,2400,2400,195,2345,NTable_Fresh,11.509236
3,13,2401,2600,2600,195,2540,Pratt,5.415683
3,13,2401,2600,2600,195,2540,NTable_Fresh,9.057195
3,13,2401,2600,2600,195,2540,NTable_SharedReuse,4.792195
3,14,2601,2800,2800,193,2733,NTable_Fresh,8.928261
3,14,2601,2800,2800,193,2733,NTable_SharedReuse,4.787087
3,14,2601,2800,2800,193,2733,Pratt,5.205566
3,15,2801,3000,3000,197,2930,NTable_SharedReuse,4.923252
3,15,2801,3000,3000,197,2930,Pratt,5.412188
3,15,2801,3000,3000,197,2930,NTable_Fresh,9.416266
4,1,1,200,200,195,195,NTable_Fresh,11.905192
4,1,1,200,200,195,195,NTable_SharedReuse,9.152609
4,1,1,200,200,195,195,Pratt,7.056924
4,2,201,400,400,196,391,NTable_SharedReuse,6.111881
4,2,201,400,400,196,391,Pratt,5.930779
4,2,201,400,400,196,391,NTable_Fresh,10.247237
4,3,401,600,600,197,588,Pratt,6.170108
4,3,401,600,600,197,588,NTable_Fresh,10.309401
4,3,401,600,600,197,588,NTable_SharedReuse,5.383756
4,4,601,800,800,195,783,NTable_Fresh,10.392806
4,4,601,800,800,195,783,NTable_SharedReuse,5.634663
4,4,601,800,800,195,783,Pratt,6.102777
4,5,801,1000,1000,195,978,NTable_SharedReuse,6.171381
4,5,801,1000,1000,195,978,Pratt,6.906607
4,5,801,1000,1000,195,978,NTable_Fresh,12.167358
4,6,1001,1200,1200,193,1171,Pratt,6.430822
4,6,1001,1200,1200,193,1171,NTable_Fresh,10.702012
4,6,1001,1200,1200,193,1171,NTable_SharedReuse,5.628163
4,7,1201,1400,1400,195,1366,NTable_Fresh,10.006544
4,7,1201,1400,1400,195,1366,NTable_SharedReuse,5.215271
4,7,1201,1400,1400,195,1366,Pratt,5.796125
4,8,1401,1600,1600,198,1564,NTable_SharedReuse,5.417175
4,8,1401,1600,1600,198,1564,Pratt,6.085261
4,8,1401,1600,1600,198,1564,NTable_Fresh,10.442631
4,9,1601,1800,1800,195,1759,Pratt,5.61321
4,9,1601,1800,1800,195,1759,NTable_Fresh,9.231478
4,9,1601,1800,1800,195,1759,NTable_SharedReuse,4.959186
4,10,1801,2000,2000,198,1957,NTable_Fresh,11.534664
4,10,1801,2000,2000,198,1957,NTable_SharedReuse,5.766141
4,10,1801,2000,2000,198,1957,Pratt,6.379864
4,11,2001,2200,2200,193,2150,NTable_SharedReuse,5.529515
4,11,2001,2200,2200,193,2150,Pratt,6.074134
4,11,2001,2200,2200,193,2150,NTable_Fresh,10.594309
4,12,2201,2400,2400,195,2345,Pratt,6.554467
4,12,2201,2400,2400,195,2345,NTable_Fresh,11.020431
4,12,2201,2400,2400,195,2345,NTable_SharedReuse,6.565244
4,13,2401,2600,2600,195,2540,NTable_Fresh,9.682937
4,13,2401,2600,2600,195,2540,NTable_SharedReuse,4.941309
4,13,2401,2600,2600,195,2540,Pratt,5.413139
4,14,2601,2800,2800,193,2733,NTable_SharedReuse,4.910893
4,14,2601,2800,2800,193,2733,Pratt,5.337686
4,14,2601,2800,2800,193,2733,NTable_Fresh,10.306546
4,15,2801,3000,3000,197,2930,Pratt,5.714974
4,15,2801,3000,3000,197,2930,NTable_Fresh,9.656377
4,15,2801,3000,3000,197,2930,NTable_SharedReuse,5.035451
5,1,1,200,200,195,195,NTable_SharedReuse,9.166569
5,1,1,200,200,195,195,Pratt,6.798495
5,1,1,200,200,195,195,NTable_Fresh,11.732112
5,2,201,400,400,196,391,Pratt,5.989607
5,2,201,400,400,196,391,NTable_Fresh,11.152259
5,2,201,400,400,196,391,NTable_SharedReuse,6.186923
5,3,401,600,600,197,588,NTable_Fresh,10.520408
5,3,401,600,600,197,588,NTable_SharedReuse,5.558628
5,3,401,600,600,197,588,Pratt,5.862045
5,4,601,800,800,195,783,NTable_SharedReuse,5.955957
5,4,601,800,800,195,783,Pratt,6.24435
5,4,601,800,800,195,783,NTable_Fresh,10.366196
5,5,801,1000,1000,195,978,Pratt,6.841029
5,5,801,1000,1000,195,978,NTable_Fresh,11.685091
5,5,801,1000,1000,195,978,NTable_SharedReuse,6.079042
5,6,1001,1200,1200,193,1171,NTable_Fresh,11.142043
5,6,1001,1200,1200,193,1171,NTable_SharedReuse,5.578428
5,6,1001,1200,1200,193,1171,Pratt,6.33646
5,7,1201,1400,1400,195,1366,NTable_SharedReuse,5.274039
5,7,1201,1400,1400,195,1366,Pratt,5.840824
5,7,1201,1400,1400,195,1366,NTable_Fresh,10.333897
5,8,1401,1600,1600,198,1564,Pratt,6.135577
5,8,1401,1600,1600,198,1564,NTable_Fresh,10.956614
5,8,1401,1600,1600,198,1564,NTable_SharedReuse,5.573511
5,9,1601,1800,1800,195,1759,NTable_Fresh,9.153741
5,9,1601,1800,1800,195,1759,NTable_SharedReuse,4.919456
5,9,1601,1800,1800,195,1759,Pratt,5.414141
5,10,1801,2000,2000,198,1957,NTable_SharedReuse,5.789305
5,10,1801,2000,2000,198,1957,Pratt,6.451052
5,10,1801,2000,2000,198,1957,NTable_Fresh,11.568095
5,11,2001,2200,2200,193,2150,Pratt,6.209838
5,11,2001,2200,2200,193,2150,NTable_Fresh,10.532186
5,11,2001,2200,2200,193,2150,NTable_SharedReuse,5.481282
5,12,2201,2400,2400,195,2345,NTable_Fresh,11.269927
5,12,2201,2400,2400,195,2345,NTable_SharedReuse,5.861504
5,12,2201,2400,2400,195,2345,Pratt,6.756992
5,13,2401,2600,2600,195,2540,NTable_SharedReuse,4.917664
5,13,2401,2600,2600,195,2540,Pratt,5.488483
5,13,2401,2600,2600,195,2540,NTable_Fresh,9.145087
5,14,2601,2800,2800,193,2733,Pratt,5.415913
5,14,2601,2800,2800,193,2733,NTable_Fresh,9.065918
5,14,2601,2800,2800,193,2733,NTable_SharedReuse,5.096562
5,15,2801,3000,3000,197,2930,NTable_Fresh,9.480532
5,15,2801,3000,3000,197,2930,NTable_SharedReuse,5.060568
5,15,2801,3000,3000,197,2930,Pratt,5.597357
6,1,1,200,200,195,195,Pratt,6.889572
6,1,1,200,200,195,195,NTable_Fresh,11.825272
6,1,1,200,200,195,195,NTable_SharedReuse,9.392099
6,2,201,400,400,196,391,NTable_Fresh,10.699998
6,2,201,400,400,196,391,NTable_SharedReuse,6.172803
6,2,201,400,400,196,391,Pratt,6.466205
6,3,401,600,600,197,588,NTable_SharedReuse,5.61965
6,3,401,600,600,197,588,Pratt,5.887944
6,3,401,600,600,197,588,NTable_Fresh,10.597535
6,4,601,800,800,195,783,Pratt,6.153283
6,4,601,800,800,195,783,NTable_Fresh,10.693379
6,4,601,800,800,195,783,NTable_SharedReuse,5.585068
6,5,801,1000,1000,195,978,NTable_Fresh,11.955819
6,5,801,1000,1000,195,978,NTable_SharedReuse,6.023598
6,5,801,1000,1000,195,978,Pratt,6.785446
6,6,1001,1200,1200,193,1171,NTable_SharedReuse,5.568033
6,6,1001,1200,1200,193,1171,Pratt,6.091029
6,6,1001,1200,1200,193,1171,NTable_Fresh,11.400052
6,7,1201,1400,1400,195,1366,Pratt,5.795636
6,7,1201,1400,1400,195,1366,NTable_Fresh,9.866673
6,7,1201,1400,1400,195,1366,NTable_SharedReuse,5.206639
6,8,1401,1600,1600,198,1564,NTable_Fresh,10.732928
6,8,1401,1600,1600,198,1564,NTable_SharedReuse,5.491358
6,8,1401,1600,1600,198,1564,Pratt,5.98468
6,9,1601,1800,1800,195,1759,NTable_SharedReuse,4.977693
6,9,1601,1800,1800,195,1759,Pratt,5.494612
6,9,1601,1800,1800,195,1759,NTable_Fresh,9.396086
6,10,1801,2000,2000,198,1957,Pratt,6.431132
6,10,1801,2000,2000,198,1957,NTable_Fresh,11.000351
6,10,1801,2000,2000,198,1957,NTable_SharedReuse,6.767348
6,11,2001,2200,2200,193,2150,NTable_Fresh,11.323608
6,11,2001,2200,2200,193,2150,NTable_SharedReuse,5.542124
6,11,2001,2200,2200,193,2150,Pratt,6.266384
6,12,2201,2400,2400,195,2345,NTable_SharedReuse,6.372013
6,12,2201,2400,2400,195,2345,Pratt,6.712675
6,12,2201,2400,2400,195,2345,NTable_Fresh,11.509057
6,13,2401,2600,2600,195,2540,Pratt,5.392889
6,13,2401,2600,2600,195,2540,NTable_Fresh,9.229114
6,13,2401,2600,2600,195,2540,NTable_SharedReuse,4.89554
6,14,2601,2800,2800,193,2733,NTable_Fresh,9.071427
6,14,2601,2800,2800,193,2733,NTable_SharedReuse,4.964223
6,14,2601,2800,2800,193,2733,Pratt,5.350054
6,15,2801,3000,3000,197,2930,NTable_SharedReuse,5.005145
6,15,2801,3000,3000,197,2930,Pratt,5.55373
6,15,2801,3000,3000,197,2930,NTable_Fresh,9.304067
7,1,1,200,200,195,195,NTable_Fresh,12.210302
7,1,1,200,200,195,195,NTable_SharedReuse,8.929553
7,1,1,200,200,195,195,Pratt,7.064806
7,2,201,400,400,196,391,NTable_SharedReuse,6.01188
7,2,201,400,400,196,391,Pratt,5.954565
7,2,201,400,400,196,391,NTable_Fresh,10.504434
7,3,401,600,600,197,588,Pratt,5.828414
7,3,401,600,600,197,588,NTable_Fresh,9.976209
7,3,401,600,600,197,588,NTable_SharedReuse,5.312268
7,4,601,800,800,195,783,NTable_Fresh,10.073215
7,4,601,800,800,195,783,NTable_SharedReuse,5.344175
7,4,601,800,800,195,783,Pratt,5.957759
7,5,801,1000,1000,195,978,NTable_SharedReuse,6.172182
7,5,801,1000,1000,195,978,Pratt,6.977334
7,5,801,1000,1000,195,978,NTable_Fresh,11.778332
7,6,1001,1200,1200,193,1171,Pratt,6.240655
7,6,1001,1200,1200,193,1171,NTable_Fresh,10.513277
7,6,1001,1200,1200,193,1171,NTable_SharedReuse,5.472989
7,7,1201,1400,1400,195,1366,NTable_Fresh,10.04354
7,7,1201,1400,1400,195,1366,NTable_SharedReuse,5.371397
7,7,1201,1400,1400,195,1366,Pratt,5.757266
7,8,1401,1600,1600,198,1564,NTable_SharedReuse,5.419759
7,8,1401,1600,1600,198,1564,Pratt,6.020153
7,8,1401,1600,1600,198,1564,NTable_Fresh,10.390462
7,9,1601,1800,1800,195,1759,Pratt,5.389093
7,9,1601,1800,1800,195,1759,NTable_Fresh,8.938496
7,9,1601,1800,1800,195,1759,NTable_SharedReuse,5.145777
7,10,1801,2000,2000,198,1957,NTable_Fresh,11.075214
7,10,1801,2000,2000,198,1957,NTable_SharedReuse,5.759992
7,10,1801,2000,2000,198,1957,Pratt,6.364201
7,11,2001,2200,2200,193,2150,NTable_SharedReuse,5.409373
7,11,2001,2200,2200,193,2150,Pratt,6.057759
7,11,2001,2200,2200,193,2150,NTable_Fresh,10.453146
7,12,2201,2400,2400,195,2345,Pratt,6.450511
7,12,2201,2400,2400,195,2345,NTable_Fresh,10.82788
7,12,2201,2400,2400,195,2345,NTable_SharedReuse,5.717107
7,13,2401,2600,2600,195,2540,NTable_Fresh,8.998837
7,13,2401,2600,2600,195,2540,NTable_SharedReuse,4.837573
7,13,2401,2600,2600,195,2540,Pratt,5.229913
7,14,2601,2800,2800,193,2733,NTable_SharedReuse,4.903543
7,14,2601,2800,2800,193,2733,Pratt,5.70578
7,14,2601,2800,2800,193,2733,NTable_Fresh,9.324538
7,15,2801,3000,3000,197,2930,Pratt,5.498969
7,15,2801,3000,3000,197,2930,NTable_Fresh,9.199228
7,15,2801,3000,3000,197,2930,NTable_SharedReuse,4.92891
8,1,1,200,200,195,195,NTable_SharedReuse,9.06716
8,1,1,200,200,195,195,Pratt,6.808951
8,1,1,200,200,195,195,NTable_Fresh,11.542486
8,2,201,400,400,196,391,Pratt,6.1511
8,2,201,400,400,196,391,NTable_Fresh,10.124201
8,2,201,400,400,196,391,NTable_SharedReuse,5.856267
8,3,401,600,600,197,588,NTable_Fresh,10.051151
8,3,401,600,600,197,588,NTable_SharedReuse,5.371807
8,3,401,600,600,197,588,Pratt,5.89167
8,4,601,800,800,195,783,NTable_SharedReuse,5.796767
8,4,601,800,800,195,783,Pratt,6.033344
8,4,601,800,800,195,783,NTable_Fresh,10.205794
8,5,801,1000,1000,195,978,Pratt,6.776601
8,5,801,1000,1000,195,978,NTable_Fresh,11.567805
8,5,801,1000,1000,195,978,NTable_SharedReuse,6.026272
8,6,1001,1200,1200,193,1171,NTable_Fresh,11.018288
8,6,1001,1200,1200,193,1171,NTable_SharedReuse,5.523795
8,6,1001,1200,1200,193,1171,Pratt,6.166904
8,7,1201,1400,1400,195,1366,NTable_SharedReuse,5.258827
8,7,1201,1400,1400,195,1366,Pratt,5.821384
8,7,1201,1400,1400,195,1366,NTable_Fresh,9.985993
8,8,1401,1600,1600,198,1564,Pratt,6.062727
8,8,1401,1600,1600,198,1564,NTable_Fresh,10.805577
8,8,1401,1600,1600,198,1564,NTable_SharedReuse,5.718069
8,9,1601,1800,1800,195,1759,NTable_Fresh,9.296746
8,9,1601,1800,1800,195,1759,NTable_SharedReuse,4.880638
8,9,1601,1800,1800,195,1759,Pratt,5.351376
8,10,1801,2000,2000,198,1957,NTable_SharedReuse,5.808303
8,10,1801,2000,2000,198,1957,Pratt,6.391822
8,10,1801,2000,2000,198,1957,NTable_Fresh,11.554836
8,11,2001,2200,2200,193,2150,Pratt,6.130389
8,11,2001,2200,2200,193,2150,NTable_Fresh,10.529462
8,11,2001,2200,2200,193,2150,NTable_SharedReuse,5.42644
8,12,2201,2400,2400,195,2345,NTable_Fresh,10.912509
8,12,2201,2400,2400,195,2345,NTable_SharedReuse,5.781544
8,12,2201,2400,2400,195,2345,Pratt,6.746316
8,13,2401,2600,2600,195,2540,NTable_SharedReuse,4.801088
8,13,2401,2600,2600,195,2540,Pratt,5.346639
8,13,2401,2600,2600,195,2540,NTable_Fresh,9.292669
8,14,2601,2800,2800,193,2733,Pratt,5.383004
8,14,2601,2800,2800,193,2733,NTable_Fresh,8.988231
8,14,2601,2800,2800,193,2733,NTable_SharedReuse,4.807478
8,15,2801,3000,3000,197,2930,NTable_Fresh,9.294873
8,15,2801,3000,3000,197,2930,NTable_SharedReuse,4.932456
8,15,2801,3000,3000,197,2930,Pratt,5.490085
9,1,1,200,200,195,195,Pratt,7.023673
9,1,1,200,200,195,195,NTable_Fresh,11.61807
9,1,1,200,200,195,195,NTable_SharedReuse,9.005928
9,2,201,400,400,196,391,NTable_Fresh,10.477002
9,2,201,400,400,196,391,NTable_SharedReuse,6.499475
9,2,201,400,400,196,391,Pratt,5.890217
9,3,401,600,600,197,588,NTable_SharedReuse,5.461172
9,3,401,600,600,197,588,Pratt,6.829632
9,3,401,600,600,197,588,NTable_Fresh,10.545446
9,4,601,800,800,195,783,Pratt,6.101916
9,4,601,800,800,195,783,NTable_Fresh,10.564705
9,4,601,800,800,195,783,NTable_SharedReuse,5.375112
9,5,801,1000,1000,195,978,NTable_Fresh,11.742158
9,5,801,1000,1000,195,978,NTable_SharedReuse,6.019823
9,5,801,1000,1000,195,978,Pratt,6.82157
9,6,1001,1200,1200,193,1171,NTable_SharedReuse,5.575274
9,6,1001,1200,1200,193,1171,Pratt,6.208396
9,6,1001,1200,1200,193,1171,NTable_Fresh,11.565361
9,7,1201,1400,1400,195,1366,Pratt,6.002156
9,7,1201,1400,1400,195,1366,NTable_Fresh,9.968617
9,7,1201,1400,1400,195,1366,NTable_SharedReuse,5.217615
9,8,1401,1600,1600,198,1564,NTable_Fresh,10.399747
9,8,1401,1600,1600,198,1564,NTable_SharedReuse,5.491758
9,8,1401,1600,1600,198,1564,Pratt,6.034625
9,9,1601,1800,1800,195,1759,NTable_SharedReuse,4.87561
9,9,1601,1800,1800,195,1759,Pratt,5.306638
9,9,1601,1800,1800,195,1759,NTable_Fresh,9.533342
9,10,1801,2000,2000,198,1957,Pratt,6.47621
9,10,1801,2000,2000,198,1957,NTable_Fresh,10.902063
9,10,1801,2000,2000,198,1957,NTable_SharedReuse,5.688524
9,11,2001,2200,2200,193,2150,NTable_Fresh,12.833891
9,11,2001,2200,2200,193,2150,NTable_SharedReuse,5.747352
9,11,2001,2200,2200,193,2150,Pratt,6.310409
9,12,2201,2400,2400,195,2345,NTable_SharedReuse,5.984379
9,12,2201,2400,2400,195,2345,Pratt,6.684924
9,12,2201,2400,2400,195,2345,NTable_Fresh,12.384023
9,13,2401,2600,2600,195,2540,Pratt,5.375532
9,13,2401,2600,2600,195,2540,NTable_Fresh,9.121392
9,13,2401,2600,2600,195,2540,NTable_SharedReuse,4.993508
9,14,2601,2800,2800,193,2733,NTable_Fresh,9.152238
9,14,2601,2800,2800,193,2733,NTable_SharedReuse,4.784362
9,14,2601,2800,2800,193,2733,Pratt,5.231315
9,15,2801,3000,3000,197,2930,NTable_SharedReuse,4.958865
9,15,2801,3000,3000,197,2930,Pratt,5.52008
9,15,2801,3000,3000,197,2930,NTable_Fresh,9.351167
10,1,1,200,200,195,195,NTable_Fresh,12.020776
10,1,1,200,200,195,195,NTable_SharedReuse,9.111016
10,1,1,200,200,195,195,Pratt,6.750312
10,2,201,400,400,196,391,NTable_SharedReuse,5.864498
10,2,201,400,400,196,391,Pratt,5.802025
10,2,201,400,400,196,391,NTable_Fresh,9.987386
10,3,401,600,600,197,588,Pratt,6.253935
10,3,401,600,600,197,588,NTable_Fresh,10.11676
10,3,401,600,600,197,588,NTable_SharedReuse,6.149618
10,4,601,800,800,195,783,NTable_Fresh,10.1234
10,4,601,800,800,195,783,NTable_SharedReuse,5.298887
10,4,601,800,800,195,783,Pratt,5.88495
10,5,801,1000,1000,195,978,NTable_SharedReuse,5.9917
10,5,801,1000,1000,195,978,Pratt,7.102552
10,5,801,1000,1000,195,978,NTable_Fresh,12.269582
10,6,1001,1200,1200,193,1171,Pratt,6.407687
10,6,1001,1200,1200,193,1171,NTable_Fresh,10.754049
10,6,1001,1200,1200,193,1171,NTable_SharedReuse,5.471307
10,7,1201,1400,1400,195,1366,NTable_Fresh,9.883048
10,7,1201,1400,1400,195,1366,NTable_SharedReuse,5.193629
10,7,1201,1400,1400,195,1366,Pratt,5.762615
10,8,1401,1600,1600,198,1564,NTable_SharedReuse,5.616686
10,8,1401,1600,1600,198,1564,Pratt,6.150228
10,8,1401,1600,1600,198,1564,NTable_Fresh,10.84079
10,9,1601,1800,1800,195,1759,Pratt,5.367201
10,9,1601,1800,1800,195,1759,NTable_Fresh,9.154712
10,9,1601,1800,1800,195,1759,NTable_SharedReuse,4.9885
10,10,1801,2000,2000,198,1957,NTable_Fresh,11.17276
10,10,1801,2000,2000,198,1957,NTable_SharedReuse,5.728965
10,10,1801,2000,2000,198,1957,Pratt,6.302909
10,11,2001,2200,2200,193,2150,NTable_SharedReuse,5.546811
10,11,2001,2200,2200,193,2150,Pratt,6.085452
10,11,2001,2200,2200,193,2150,NTable_Fresh,10.483392
10,12,2201,2400,2400,195,2345,Pratt,6.415198
10,12,2201,2400,2400,195,2345,NTable_Fresh,10.765707
10,12,2201,2400,2400,195,2345,NTable_SharedReuse,5.725119
10,13,2401,2600,2600,195,2540,NTable_Fresh,9.092698
10,13,2401,2600,2600,195,2540,NTable_SharedReuse,5.032867
10,13,2401,2600,2600,195,2540,Pratt,5.209662
10,14,2601,2800,2800,193,2733,NTable_SharedReuse,4.799435
10,14,2601,2800,2800,193,2733,Pratt,5.522443
10,14,2601,2800,2800,193,2733,NTable_Fresh,9.567664
10,15,2801,3000,3000,197,2930,Pratt,5.595414
10,15,2801,3000,3000,197,2930,NTable_Fresh,9.75157
10,15,2801,3000,3000,197,2930,NTable_SharedReuse,5.04185
